product_key,n_mentions,compound_mean,compound_median,pos_mean,neg_mean,n_pos,n_neg,n_neu,product_name
byju,1,0.34,0.34,0.066,0.0,1,0,0,BYJU'S
chatgpt,1622,0.4137565351418003,0.63915,0.11907644882860666,0.05357336621454994,1157,300,165,ChatGPT
chegg,3,0.3681666666666667,0.6542,0.13966666666666666,0.16866666666666666,2,1,0,Chegg
claude,194,0.416501030927835,0.60075,0.11704123711340206,0.04810824742268041,136,37,21,Claude
coursera,396,0.4174151515151515,0.6059000000000001,0.11540656565656565,0.04316414141414141,284,71,41,Coursera
duolingo,571,0.4130751313485114,0.5922,0.125215411558669,0.05062346760070052,403,105,63,Duolingo
edx,66,0.565419696969697,0.73605,0.1451818181818182,0.04193939393939394,53,8,5,edX
flint,3,0.6554333333333333,0.6808,0.15733333333333333,0.0,3,0,0,Flint
ixl,39,0.5756205128205129,0.7351,0.1371794871794872,0.04466666666666667,33,4,2,IXL
khan_academy,321,0.49951993769470404,0.6799,0.12609345794392524,0.0338006230529595,239,42,40,Khan Academy
magic_school_ai,4,0.8564,0.8514,0.13724999999999998,0.035,4,0,0,Magic School AI
miyagi_labs,5,0.8074200000000001,0.8807,0.2676,0.0098,5,0,0,Miyagi Labs
opennote,8,0.2511,0.6344000000000001,0.08712500000000001,0.052250000000000005,5,3,0,Opennote
perplexity,61,0.4661245901639344,0.6249,0.13785245901639345,0.02811475409836066,43,7,11,Perplexity
photomath,4,0.379075,0.7813,0.1065,0.046,3,1,0,Photomath
quizlet,343,0.27322448979591835,0.3784,0.10635860058309038,0.053279883381924194,205,88,50,Quizlet
shepherd,2,0.73695,0.73695,0.0625,0.02,2,0,0,Shepherd
studystream,1,0.9607,0.9607,0.196,0.03,1,0,0,StudyStream
toko,2,0.6877,0.6877,0.151,0.04,2,0,0,Toko
udemy,55,0.6154436363636364,0.7657,0.13750909090909091,0.03143636363636364,47,3,5,Udemy
ultra,49,0.36232244897959187,0.4019,0.08567346938775511,0.04659183673469387,28,7,14,Ultra
youlearn,478,0.5390887029288702,0.7814,0.12208995815899581,0.04062970711297071,379,67,32,YouLearn
